{
    "accuracy": 0.9573275862068965,
    "precision": 0.9828209764918626,
    "recall": 0.9314481576692374,
    "f1_score": 0.9564452265728113,
    "confusion_matrix": [
        [
            1134,
            19
        ],
        [
            80,
            1087
        ]
    ]
}